url,name
https://www.arkoselabs.com/blog/phishing-detection-prevention-what-businesses-should-know/,
https://www.arkoselabs.com/blog/understanding-the-latest-cybercrime-threats-a-conversation-with-fraud-boxer-and-arkose-labs/,By Jenn Jeffers
https://www.arkoselabs.com/blog/cisos-guide-roi-cybersecurity/,By Steve James
https://www.arkoselabs.com/blog/telecom-fraud-detection-protection-for-telcos/,By Jenn Jeffers
https://www.arkoselabs.com/blog/blog-benefits-of-real-time-bot-detection/,By Steve James
https://www.arkoselabs.com/blog/failure-of-silicon-valley-bank-is-ground-shaking-crisis-and-cybersecurity-red-alert/,By Frank Teruel
https://www.arkoselabs.com/blog/cisos-guide-to-saving-costs-in-time-of-shrinking-resources/,By Ashish Jain
https://www.arkoselabs.com/blog/good-bots-vs-bad-bots-what-you-should-know/,By Jenn Jeffers
https://www.arkoselabs.com/blog/stop-ddos-attacks-from-hurting-your-business/,By Jenn Jeffers
https://www.arkoselabs.com/blog/ato-attacks-severely-harm-user-experience-and-brand-reputation/,By Arkose Labs
https://www.arkoselabs.com/blog/ato-vs-identity-theft-whats-the-difference/,By Jenn Jeffers
https://www.arkoselabs.com/blog/spotlight-on-womens-history-month/,By Jenn Jeffers
https://www.arkoselabs.com/blog/why-attacks-are-the-new-new-normal-ecommerce-travel/,By Ashish Jain
https://www.arkoselabs.com/blog/how-enterprises-can-protect-against-ticket-scalping/,By Jenn Jeffers
https://www.arkoselabs.com/blog/telecom-security-the-next-generation-is-here/,By Richard Dufty
https://www.arkoselabs.com/blog/why-these-captchas-dont-work/,By Murry Lancashire
https://www.arkoselabs.com/blog/blog-cybercrime-as-a-service-how-ccaas-is-affecting-the-security-revenue-of-your-business/,By Jenn Jeffers
https://www.arkoselabs.com/blog/why-ecommerce-should-watch-for-gift-card-scams-in-the-new-year/,By Steve James
https://www.arkoselabs.com/blog/blog-difference-between-captcha-recaptcha/,By Brent Sleeper
https://www.arkoselabs.com/blog/blog-gaming-companies-take-big-risks-this-holiday/,By Jenn Jeffers
https://www.arkoselabs.com/blog/why-gaming-market-is-the-bellwether-for-other-businesses/,By Steve James
https://www.arkoselabs.com/blog/4-tips-on-igaming-win-big/,By Jenn Jeffers
https://www.arkoselabs.com/blog/emerging-cybersecurity-threats-prepare-now-for-2023/,By Arkose Labs
https://www.arkoselabs.com/blog/5-reasons-to-choose-arkose-matchkey-to-protect-your-organization/,By Murry Lancashire
https://www.arkoselabs.com/blog/recaptcha-v2-vs-v3-which-is-better-for-bot-protection/,By Arkose Labs
https://www.arkoselabs.com/blog/hcaptcha-vs-recaptcha-a-comparison/,By Arkose Labs
https://www.arkoselabs.com/blog/whats-next-for-cybercrime-in-australia/,By David Ellens
https://www.arkoselabs.com/blog/what-is-promo-abuse-fraud-in-igaming/,By Arkose Labs
https://www.arkoselabs.com/blog/how-a-well-protected-site-deters-account-takeover-attacks/,By Ashish Jain
https://www.arkoselabs.com/blog/beat-bad-bots-cross-functional-bonds/,By Jean Creech Avent
https://www.arkoselabs.com/blog/economics-of-account-takeover-attacks/,By Prashant Nirmal
https://www.arkoselabs.com/blog/john-chirhart-stopping-botnet-attacks/,By Arkose Labs
https://www.arkoselabs.com/blog/man-in-the-middle-phishing-attacks/,By Vikas Shetty
https://www.arkoselabs.com/blog/balancing-adobes-account-security-with-seamless-user-experience-begins-with-transparent-detection-provided-by-arkose-labs/,By Richard Dufty
https://www.arkoselabs.com/blog/excited-to-be-taking-arkose-labs-to-the-next-stage-of-growth/,By Prashant Nirmal
https://www.arkoselabs.com/blog/how-to-deter-fraud-in-a-consumer-friendly-way/,By Richard Dufty
https://www.arkoselabs.com/blog/whats-new-with-the-arkose-labs-platform-july-2022/,By Ashish Jain
https://www.arkoselabs.com/blog/why-attacks-are-the-new-new-normal-ecommerce-travel/,By Ashish Jain
https://www.arkoselabs.com/blog/what-is-a-botnet-attack/,By Steve James
https://www.arkoselabs.com/blog/snapchat-replaces-bot-mitigation-solution/,By Richard Dufty
https://www.arkoselabs.com/blog/blog-how-to-detect-and-prevent-fintech-fraud/,By Steve James
https://www.arkoselabs.com/blog/excited-to-break-cybercriminals-roi-at-arkose-labs/,By Frank Teruel
https://www.arkoselabs.com/blog/bad-bots-how-to-detect-stop-them/,By Jenn Jeffers
https://www.arkoselabs.com/blog/from-atos-to-sms-pumping-ecommerce-cybersecurity-trends/,By Steve James
https://www.arkoselabs.com/blog/valentines-day-minimize-fraud/,By Jenn Jeffers
https://www.arkoselabs.com/blog/arkose-email-intelligence-for-bot-mitigation-is-here/,By Ayan Halder
https://www.arkoselabs.com/blog/5-ways-to-stop-online-banking-and-finance-fraud/,By Jenn Jeffers
https://www.arkoselabs.com/blog/protect-your-business-from-irsf-how-arkose-labs-stops-sms-toll-fraud/,By Jenn Jeffers
https://www.arkoselabs.com/blog/how-the-avatars-of-arkose-labs-rescued-cyberspace-at-virtual-town-hall-2023/,By Justin Schiefner
https://www.arkoselabs.com/blog/premier-dating-platform-reduces-fraud-by-80-with-arkose-labs/,By Richard Dufty
https://www.arkoselabs.com/blog/arkose-labs-ping-identity-partnership-will-elevate-protection-of-logins-account-registration/,By Richard Dufty
https://www.arkoselabs.com/blog/mitigate-attacks-and-develop-new-ml-models-simultaneously/,By David Mouatt
https://www.arkoselabs.com/blog/the-power-of-machine-learning-to-fight-fraud/,By Ashish Jain
https://www.arkoselabs.com/blog/arkose-labs-industry-leading-59-net-promoter-score/,By Patrice Boffa
https://www.arkoselabs.com/blog/why-preventing-financial-account-takeover-attacks-is-important-for-banks-and-fintechs/,By Arkose Labs
https://www.arkoselabs.com/blog/why-actionable-risk-intelligence-is-key-to-effective-fraud-prevention/,By Ashish Jain
https://www.arkoselabs.com/blog/privacy-access-token/,By Ashish Jain
https://www.arkoselabs.com/blog/journey-to-the-median/,By Delia Wang
https://www.arkoselabs.com/blog/6-takeaways-from-rsa-2022/,By Kevin Gosschalk
https://www.arkoselabs.com/blog/money-20-20-europe-recap/,By Patrice Boffa
https://www.arkoselabs.com/blog/eliminating-ato-in-banks-and-fintech/,By Kevin Gosschalk
https://www.arkoselabs.com/blog/pokemon-go-ruined-by-cheating-bots/,By Arkose Labs
https://www.arkoselabs.com/blog/pokepocalypse-stopping-bots-on-pokemon-go/,By Arkose Labs
https://www.arkoselabs.com/blog/youre-going-too-fast-pokemon-go-exposes-flaw-in-ar-game-defenses/,By Arkose Labs
https://www.arkoselabs.com/blog/paypal-makes-strategic-investment-in-arkose-labs/,By Kevin Gosschalk
https://www.arkoselabs.com/blog/top-5-steps-to-long-term-account-takeover-security/,By Arkose Labs
https://www.arkoselabs.com/blog/arkose-outperforms-recaptcha-for-gaming-giant/,By Richard Dufty
https://www.arkoselabs.com/blog/the-evolution-of-bot-attacks/,By Ashish Jain
https://www.arkoselabs.com/blog/reducing-the-risk-of-buy-now-pay-later-fraud/,By Kevin Gosschalk
https://www.arkoselabs.com/blog/how-attackers-will-target-the-metaverse-in-2022-and-beyond/,By Richard Dufty
https://www.arkoselabs.com/blog/3-reasons-arkose-detect-outpeforms-recaptcha-in-detecting-bots/,By Ashish Jain
https://www.arkoselabs.com/blog/3-attack-trends-driving-higher-roi-on-cybercrime-this-year/,By Anna Lundberg
https://www.arkoselabs.com/blog/data-ops-at-arkose-labs/,"By Delia Wang,
									  Albert Chen..."
https://www.arkoselabs.com/blog/adversarial-perturbation-to-defeat-automated-captcha-solvers/,By ChunLiang Wu
https://www.arkoselabs.com/blog/arkose-labs-latest-research-report-highlights-top-attack-patterns-industry-trends-q1/,By Arkose Labs
https://www.arkoselabs.com/blog/heres-how-to-fight-the-latest-avatar-of-bnpl-fraud/,By Ayan Halder
https://www.arkoselabs.com/blog/2022-bankrupting-fraud-virtual-panel-series-comes-to-a-close/,By Ed Gower
https://www.arkoselabs.com/blog/data-transparency-core-of-arkose-detect/,By Himanshu Bari
https://www.arkoselabs.com/blog/its-a-silver-stevie-for-arkose-labs-at-the-american-business-awards-2022/,By Richard Dufty
https://www.arkoselabs.com/blog/stopping-fraud-and-creating-trust-on-nft-based-gaming-platforms/,By Kevin Gosschalk
https://www.arkoselabs.com/blog/arkose-detect-features-six-essential-elements-for-future-proof-detection/,By Arkose Labs
https://www.arkoselabs.com/blog/get-deep-detection-and-risk-insights-with-arkose-detect/,By Ashish Jain
https://www.arkoselabs.com/blog/helping-steer-arkose-labs-next-phase-of-growth/,By Udit Tibrewal
https://www.arkoselabs.com/blog/arkose-labs-named-firm-to-watch-in-aite-novarica-fintech-spotlight/,By Arkose Labs
https://www.arkoselabs.com/blog/register-bankrupting-fraud-virtual-panel-series-2022-collaborate-fearlessly-eliminate-fraud/,By Patrice Boffa
https://www.arkoselabs.com/blog/how-to-level-up-in-the-fight-against-online-gaming-fraud/,By Anna Lundberg
https://www.arkoselabs.com/blog/arkose-detect-for-smarter-detection/,By Kevin Gosschalk
https://www.arkoselabs.com/blog/heres-how-to-stop-attackers-from-exploiting-taxpayers/,By Patrice Boffa
https://www.arkoselabs.com/blog/recognized-strong-performer-bot-management-independent-research-firm/,By Ashish Jain
https://www.arkoselabs.com/blog/how-product-enhancements-arkose-labs-help-customers-get-ahead-evolving-attacks/,By Ashish Jain
https://www.arkoselabs.com/blog/arkose-labs-gets-international-certifications/,By Phil Steffora
https://www.arkoselabs.com/blog/the-glorious-return-of-the-2022-fraudie-awards/,By Borysko Melnik
https://www.arkoselabs.com/blog/lets-get-out-there/,By Richard Dufty
https://www.arkoselabs.com/blog/top-20-considerations-when-looking-for-a-bot-prevention-vendor/,By Ashish Jain
https://www.arkoselabs.com/blog/new-us-reporting-requirements-for-cyber-incidents-are-you-prepared/,By Michael Duignan
https://www.arkoselabs.com/blog/synthetic-refund-fraud-the-inside-story/,By Arkose Labs
https://www.arkoselabs.com/blog/educate-children-about-cyber-fraud-with-abcs-of-fraud/,By Arkose Labs
https://www.arkoselabs.com/blog/top-six-takeaways-from-mrc-vegas-2022/,By Kevin Gosschalk
https://www.arkoselabs.com/blog/breakthebias-career-growth-can-coexist-with-motherhood/,By Casey Joyce
https://www.arkoselabs.com/blog/cherish-yourself-for-who-you-are/,By Arkose Labs
https://www.arkoselabs.com/blog/iwd-equality-in-the-workplace-and-overcoming-the-default-male-bias/,By Arkose Labs
https://www.arkoselabs.com/blog/breakthebias-gender-equality-today-for-a-sustainable-tomorrow/,By Arkose Labs
https://www.arkoselabs.com/blog/recaptcha-pricing-has-changed-what-are-your-alternatives/,By Robert Oostergetel
https://www.arkoselabs.com/blog/see-you-at-mrc-vegas-2022-booth-521/,By Kevin Gosschalk
https://www.arkoselabs.com/blog/fraud-attack-trends/,By Anna Lundberg
https://www.arkoselabs.com/blog/how-to-use-dynamic-enforcement-to-prevent-bots-from-abusing-mfa/,By Himanshu Bari
https://www.arkoselabs.com/blog/the-rise-of-the-intelligent-bot-revolution/,By Himanshu Bari
https://www.arkoselabs.com/blog/it-takes-a-diamond-to-cut-the-glass/,By Patrice Boffa
https://www.arkoselabs.com/blog/cupid-or-cybercriminal-arkose-labs-data-predicts-rise-in-romance-scams-this-valentines-day/,By Arkose Labs
https://www.arkoselabs.com/blog/top-reasons-companies-choose-arkose-labs-over-recaptcha-enterprise/,By Ed Gower
https://www.arkoselabs.com/blog/how-arkose-labs-product-enhancements-help-customers-get-ahead-of-fraud-prevention/,By Ashish Jain
https://www.arkoselabs.com/blog/defeating-attackers-with-a-real-time-aggregation-engine/,By Ayan Halder
https://www.arkoselabs.com/blog/top-limitations-recaptcha-enterprise/,By Richard Dufty
https://www.arkoselabs.com/blog/preventing-fraud-in-game-ratings/,By Arkose Labs
https://www.arkoselabs.com/blog/att-recognize-the-value-of-funcaptcha/,By Arkose Labs
https://www.arkoselabs.com/blog/why-non-human-traffic-is-bad/,By Arkose Labs
https://www.arkoselabs.com/blog/from-the-ceo-arkose-labs-on-aws/,By Kevin Gosschalk
https://www.arkoselabs.com/blog/uber-petition-hack-was-preventable/,By Arkose Labs
https://www.arkoselabs.com/blog/we-cracked-aols-text-captcha/,By Arkose Labs
https://www.arkoselabs.com/blog/two-factor-authentication-doesnt-replace-captcha/,By Arkose Labs
https://www.arkoselabs.com/blog/4-reasons-why-inflight-wifi-needs-funcaptcha/,By Arkose Labs
https://www.arkoselabs.com/blog/illegitimate-liberty-protecting-online-polls/,By Arkose Labs
https://www.arkoselabs.com/blog/ticket-scalping-a-million-dollar-machine/,By Arkose Labs
https://www.arkoselabs.com/blog/sneaker-bots-are-taking-over/,By Arkose Labs
https://www.arkoselabs.com/blog/funcaptcha-debuts-chinese-language-support/,By Arkose Labs
https://www.arkoselabs.com/blog/arkose-labs-working-from-home/,By Justin Schiefner
https://www.arkoselabs.com/blog/how-perceptual-hashing-can-be-used-to-commit-fraud/,By Murry Lancashire
https://www.arkoselabs.com/blog/managing-machine-learning-projects-using-failure-envelopes/,By Arkose Labs
https://www.arkoselabs.com/blog/my-27-principles-at-27/,By Arkose Labs
https://www.arkoselabs.com/blog/countless-tools-to-abet-fraud-and-online-abuse/,By Arkose Labs
https://www.arkoselabs.com/blog/human-driven-fraud-attacks-fraud-report/,By Arkose Labs
https://www.arkoselabs.com/blog/supervised-principal-components/,By Arkose Labs
https://www.arkoselabs.com/blog/battle-of-attrition/,By Arkose Labs
https://www.arkoselabs.com/blog/catfishing/,By David Mouatt
https://www.arkoselabs.com/blog/bank-account-takeover-fraud/,By Kevin Gosschalk
https://www.arkoselabs.com/blog/join-arkose-labs-in-helping-rebuild-fire-ravaged-australia/,By Kevin Gosschalk
https://www.arkoselabs.com/blog/defining-usual-is-an-onerous-task/,By Arkose Labs
https://www.arkoselabs.com/blog/six-major-fraud-trends-for-2020-and-beyond/,By Arkose Labs
https://www.arkoselabs.com/blog/holiday-fraud-prevention-tips/,By Kevin Gosschalk
https://www.arkoselabs.com/blog/giving-tuesday-top-of-the-year-for-charity-and-fraud/,By Arkose Labs
https://www.arkoselabs.com/blog/protect-your-business-against-cyber-monday-fraud/,By Arkose Labs
https://www.arkoselabs.com/blog/theres-a-lot-to-be-thankful-for-this-holiday-season/,By Kevin Gosschalk
https://www.arkoselabs.com/blog/skill-or-shill-black-friday-battleground/,By Kevin Gosschalk
https://www.arkoselabs.com/blog/are-you-prepared-to-take-on-fraud-this-holiday-season/,By Arkose Labs
https://www.arkoselabs.com/blog/arkose-labs-unveils-q4-fraud-and-abuse-report/,By Arkose Labs
https://www.arkoselabs.com/blog/are-you-protected-against-account-takeover/,By Arkose Labs
https://www.arkoselabs.com/blog/the-bulk-of-attacks-on-gaming-platforms-are-automated/,By Arkose Labs
https://www.arkoselabs.com/blog/fraud-hits-crypto-exchanges/,By Arkose Labs
https://www.arkoselabs.com/blog/protecting-online-travel-platforms-from-automated-attacks/,By Arkose Labs
https://www.arkoselabs.com/blog/q3-fraud-report-reveals-startling-facts-about-fraud/,By Arkose Labs
https://www.arkoselabs.com/blog/depth-of-the-data-exposed-in-breach-powers-complex-fraud/,By Arkose Labs
https://www.arkoselabs.com/blog/arkose-labs-presents-the-q3-fraud-and-abuse-report/,By Glen Arrowsmith
https://www.arkoselabs.com/blog/tolerance-to-fraud-provides-fraudsters-with-incentives-to-attack/,By Arkose Labs
https://www.arkoselabs.com/blog/breaking-the-business-model-of-fraud/,By Kevin Gosschalk
https://www.arkoselabs.com/blog/playing-with-humanity-verification-in-understanding/,By Kevin Gosschalk
https://www.arkoselabs.com/blog/the-bilk-road-verification-routes-in-mainland-china/,By Kevin Gosschalk
https://www.arkoselabs.com/blog/automation-the-cost-of-being-human/,By Kevin Gosschalk
https://www.arkoselabs.com/blog/black-hat-recap-all-product-no-sales/,By Kevin Gosschalk
https://www.arkoselabs.com/blog/security-verification-for-people-of-all-abilities/,By Kevin Gosschalk
https://www.arkoselabs.com/blog/recaptcha-is-still-vulnerable-perhaps-more-than-ever-before/,By Arkose Labs
https://www.arkoselabs.com/blog/what-is-a-captcha/,By Arkose Labs
https://www.arkoselabs.com/blog/fraud-trends-2022/,By Kevin Gosschalk
https://www.arkoselabs.com/blog/top-reasons-businesses-choose-arkose-labs/,By Arkose Labs
https://www.arkoselabs.com/blog/heres-how-to-use-dynamic-enforcement-to-prevent-bots-from-abusing-mfa/,By Himanshu Bari
https://www.arkoselabs.com/blog/arkose-labs-is-2022-winter-g2-leader-in-fraud-detection/,By Richard Dufty
https://www.arkoselabs.com/blog/is-recaptcha-enterprise-worth-it-for-businesses/,By Richard Dufty
https://www.arkoselabs.com/blog/mfa-5-golden-rules-of-authentication/,By Himanshu Bari
https://www.arkoselabs.com/blog/behavioral-biometrics-fraud-detection/,By Luke Stork
https://www.arkoselabs.com/blog/riding-crest-growth-momentum-2021/,By Arkose Labs
https://www.arkoselabs.com/blog/how-to-effectively-use-risk-scoring/,By Ashish Jain
https://www.arkoselabs.com/blog/arkose-labs-approach-machine-learning-bot-detection/,By Ashish Jain
https://www.arkoselabs.com/blog/four-secrets-to-help-you-stop-fraud-attacks-long-term/,By Arkose Labs
https://www.arkoselabs.com/blog/top-10-faqs-about-balancing-ux-and-account-security/,By Arkose Labs
https://www.arkoselabs.com/blog/top-10-fraud-trends-2022-cybersecurity-blueprint/,By Arkose Labs
https://www.arkoselabs.com/blog/top-six-hurdles-in-implementing-phone-based-mfa/,By Ayan Halder
https://www.arkoselabs.com/blog/3-fundamental-truths-about-how-cybercriminals-make-money/,By Arkose Labs
https://www.arkoselabs.com/blog/busting-fraudster-hideouts-with-next-generation-device-intelligence/,By Ashish Jain
https://www.arkoselabs.com/blog/how-to-hack-digital-account-few-easy-steps/,By Arkose Labs
https://www.arkoselabs.com/blog/buy-now-pay-never-the-rising-concern-of-bnpl-fraud/,By Arkose Labs
https://www.arkoselabs.com/blog/how-to-make-cyber-monday-free-from-fraud/,By Arkose Labs
https://www.arkoselabs.com/blog/how-to-have-a-fraud-free-black-friday/,By Arkose Labs
https://www.arkoselabs.com/blog/new-account-fraud-reaches-record-highs-q3/,By Arkose Labs
https://www.arkoselabs.com/blog/join-the-global-fight-against-fraud-this-fraud-week/,By Patrice Boffa
https://www.arkoselabs.com/blog/arkose-labs-named-fast-companys-first-ever-list-next-big-things-in-tech/,By Ashish Jain
https://www.arkoselabs.com/blog/arkose-labs-ranked-83rd-2021-deloitte-technology-fast-500/,By Kevin Gosschalk
https://www.arkoselabs.com/blog/top-5-considerations-when-looking-for-recaptcha-alternative/,By Arkose Labs
https://www.arkoselabs.com/blog/thats-a-wrap-highlights-2021-bankrupting-fraud-summit/,By Arkose Labs
https://www.arkoselabs.com/blog/it-takes-a-village-no-cyberattack-is-ever-committed-alone/,By Arkose Labs
https://www.arkoselabs.com/blog/bankrupting-fraud-virtual-summit-2021-two-days-insights-collaboration-networking/,By Kevin Gosschalk
https://www.arkoselabs.com/blog/bnpl-chance-rebuild-credit-opportunity-fraud/,By Kevin Gosschalk
https://www.arkoselabs.com/blog/key-takeaways-money2020/,By Richard Dufty
https://www.arkoselabs.com/blog/why-businesses-need-a-new-standard-of-credential-stuffing-protection/,By Patrice Boffa
https://www.arkoselabs.com/blog/how-fraudsters-launch-account-takeover-attacks-3-steps/,By Ashish Jain
https://www.arkoselabs.com/blog/the-full-economic-cost-of-credential-stuffing-attacks/,By Richard Dufty
https://www.arkoselabs.com/blog/a-beginners-guide-to-credential-stuffing/,By Arkose Labs
https://www.arkoselabs.com/blog/introducing-credential-stuffing-awareness-week/,By Kevin Gosschalk
https://www.arkoselabs.com/blog/the-pros-and-cons-of-recaptcha-enterprise/,By Arkose Labs
https://www.arkoselabs.com/blog/arkose-labs-joins-the-world-wide-web-consortium/,By Ashish Jain
https://www.arkoselabs.com/blog/heres-how-to-fight-diverse-attacks-across-multiple-touchpoints/,By Arkose Labs
https://www.arkoselabs.com/blog/how-fraudsters-blur-the-line-between-suspicious-and-legitimate-traffic/,By Ashish Jain
https://www.arkoselabs.com/blog/human-driven-attacks-rose-during-first-half-of-2021/,By Himanshu Bari
https://www.arkoselabs.com/blog/arkose-labs-announced-1-million-credential-stuffing-warranty/,By Richard Dufty
https://www.arkoselabs.com/blog/key-to-arkose-labs-enforcement-challenges-accessibility/,By Hedda Peters
https://www.arkoselabs.com/blog/8-back-to-school-fraud-to-watch-out-for-in-2021/,By Ashish Jain
https://www.arkoselabs.com/blog/the-arkose-labs-bankrupting-fraud-virtual-summit-returns-in-november/,By Kevin Gosschalk
https://www.arkoselabs.com/blog/fake-new-account-fraud-rose-70-in-h1-2021/,By Mike Daley
https://www.arkoselabs.com/blog/credential-stuffing-warranty-is-part-of-arkose-labs-commitment-to-customer-success/,By Patrice Boffa
https://www.arkoselabs.com/blog/international-revenue-share-fraud-the-overlooked-crime-that-can-cost-billions/,By Ayan Halder
https://www.arkoselabs.com/blog/arkose-labs-debuts-at-195-in-inc-5000-list/,By Kevin Gosschalk
https://www.arkoselabs.com/blog/digital-gathering-covid-19-fraud-and-abuse-trends/,By Kevin Gosschalk
https://www.arkoselabs.com/blog/coronavirus-impact-on-fraud-sweatshops/,By Arkose Labs
https://www.arkoselabs.com/blog/digital-gathering-tales-of-fraudsters-ingenuity/,By Arkose Labs
https://www.arkoselabs.com/blog/covid-19-fraud-trends/,By Arkose Labs
https://www.arkoselabs.com/blog/digital-gathering-fraud-in-complex-organizations/,By Arkose Labs
https://www.arkoselabs.com/blog/how-to-fight-fraud-in-mobile-commerce/,By Arkose Labs
https://www.arkoselabs.com/blog/white-hat-or-a-black-hat/,By David Mouatt
https://www.arkoselabs.com/blog/digital-gathering-accelerate-innovation-eliminate-fraud/,By Kevin Gosschalk
https://www.arkoselabs.com/blog/with-trust-comes-greater-responsibility/,By Arkose Labs
https://www.arkoselabs.com/blog/online-gaming-a-big-target-for-fraud/,By Arkose Labs
https://www.arkoselabs.com/blog/funding-m12/,By Kevin Gosschalk
https://www.arkoselabs.com/blog/series-of-virtual-events/,By Arkose Labs
https://www.arkoselabs.com/blog/global-tech-platform-case-study-future-proof-account-takeover-attack-protection/,By Arkose Labs
https://www.arkoselabs.com/blog/community-and-collaboration-are-vital-in-preventing-fraud/,By Kevin Gosschalk
https://www.arkoselabs.com/blog/are-captchas-still-relevant-in-2020/,By David Tsuji
https://www.arkoselabs.com/blog/introducing-the-bankrupting-fraud-virtual-summit-2020/,By Arkose Labs
https://www.arkoselabs.com/blog/hitting-fraudsters-where-it-hurts-their-roi-of-fraud/,By Arkose Labs
https://www.arkoselabs.com/blog/pick-a-tile-a-shot-in-the-arm-to-challenge-response-authentication/,By Arkose Labs
https://www.arkoselabs.com/blog/top-3-online-gaming-fraud-attacks-and-facts/,By Arkose Labs
https://www.arkoselabs.com/blog/fraudsters-approach-to-new-account-monetization/,By Phil Steffora
https://www.arkoselabs.com/blog/bypass-captcha/,By Arkose Labs
https://www.arkoselabs.com/blog/limits-of-legacy-ato-solutions/,By Arkose Labs
https://www.arkoselabs.com/blog/sweatshops-are-powering-the-rise-of-human-driven-fraud/,By Subhodip Mukherjee
https://www.arkoselabs.com/blog/why-legacy-bot-detection-solutions-are-subpar/,By David Mouatt
https://www.arkoselabs.com/blog/65-online-attacks-in-gaming-per-second-in-q2-2020/,By Arkose Labs
https://www.arkoselabs.com/blog/anatomy-of-an-account-takeover-attack-ato/,By Ashish Jain
https://www.arkoselabs.com/blog/industries-bear-the-brunt-of-fraud-and-abuse-in-q2-2020/,By Arkose Labs
https://www.arkoselabs.com/blog/what-are-bot-driven-fraud-attacks/,By Arkose Labs
https://www.arkoselabs.com/blog/top-four-2020-fraud-trends-covid-19-insights/,By Kevin Gosschalk
https://www.arkoselabs.com/blog/make-work-from-home-successful-with-open-communication/,By Justin Schiefner
https://www.arkoselabs.com/blog/the-rising-challenge-called-account-takeover-attacks/,By Arkose Labs
https://www.arkoselabs.com/blog/how-to-talk-fraud-and-security-to-the-board/,By Arkose Labs
https://www.arkoselabs.com/blog/bot-mitigation-techniques-that-actually-work/,By Arkose Labs
https://www.arkoselabs.com/blog/blocking-attacks-on-streaming-services-platforms-made-simple/,By Arkose Labs
https://www.arkoselabs.com/blog/taking-a-hardline-approach-to-fraud-while-keeping-user-experience-front-and-center/,By Arkose Labs
https://www.arkoselabs.com/blog/ward-off-automated-and-targeted-online-dating-fraud/,By Arkose Labs
https://www.arkoselabs.com/blog/coming-together-to-create-a-safer-internet-for-children/,By Arkose Labs
https://www.arkoselabs.com/blog/crypto-exchange-security-a-new-frontier-in-fraud/,By Arkose Labs
https://www.arkoselabs.com/blog/gartner-report-how-machines-are-all-set-to-conquer-legacy-captchas/,By Arkose Labs
https://www.arkoselabs.com/blog/building-customer-trust-with-smarter-authentication/,By Arkose Labs
https://www.arkoselabs.com/blog/beyond-online-fraud-mitigation-why-businesses-must-go-further/,By Arkose Labs
https://www.arkoselabs.com/blog/get-ready-to-stop-spam-and-abuse-at-the-entry-gates/,By Arkose Labs
https://www.arkoselabs.com/blog/gartner-cool-vendor/,By Kevin Gosschalk
https://www.arkoselabs.com/blog/how-to-stop-scraping-attacks-and-protect-data/,By Arkose Labs
https://www.arkoselabs.com/blog/protect-api-traffic-from-bots-impersonating-as-legitimate-traffic/,By Arkose Labs
https://www.arkoselabs.com/blog/welcome-to-the-internet/,By Arkose Labs
https://www.arkoselabs.com/blog/digital-gathering-innovation-in-payments-innovation-in-fraud/,By Arkose Labs
https://www.arkoselabs.com/blog/is-fraud-a-fallback-career-in-times-of-economic-crisis/,By Arkose Labs
https://www.arkoselabs.com/blog/fraudsters-go-for-olympics-gold-attacking-streaming-sites-but-are-foiled-by-arkose-labs/,By Patrice Boffa
https://www.arkoselabs.com/blog/defeating-the-scourge-of-credential-stuffing-attacks/,By Arkose Labs
https://www.arkoselabs.com/blog/introducing-the-industrys-first-warranty-against-automated-credential-stuffing/,By Kevin Gosschalk
https://www.arkoselabs.com/blog/top-6-industry-specific-fraud-attack-trends/,By Arkose Labs
https://www.arkoselabs.com/blog/bots-make-up-1-in-20-account-logins/,By Arkose Labs
https://www.arkoselabs.com/blog/i-am-excited-about-the-social-impact-of-arkose-labs/,By Arkose Labs
https://www.arkoselabs.com/blog/fraud-follows-a-surge-in-mobile-adoption/,By Himanshu Bari
https://www.arkoselabs.com/blog/10-regional-fraud-trends-in-2021/,By Arkose Labs
https://www.arkoselabs.com/blog/2021-midyear-gaming-attack-trends/,By Anna Lundberg
https://www.arkoselabs.com/blog/at-arkose-labs-all-employees-can-be-their-authentic-selves/,By Justin Schiefner
https://www.arkoselabs.com/blog/account-takeover-fraud/,By Arkose Labs
https://www.arkoselabs.com/blog/pride-month-creating-a-fair-and-equal-world-online-and-offline/,By Brian Pesin
https://www.arkoselabs.com/blog/be-vigilant-against-ecommerce-fraud-this-prime-day/,By Arkose Labs
https://www.arkoselabs.com/blog/stopping-the-scourge-of-microtransactions-fraud/,By Arkose Labs
https://www.arkoselabs.com/blog/let-the-childrens-day-be-a-reminder-to-make-the-internet-safe-for-all/,By Ashish Jain
https://www.arkoselabs.com/blog/strong-customer-authentication-sca-arkose-labs-fortified-payment-security/,By Mike Daley
https://www.arkoselabs.com/blog/strong-and-unique-passwords-can-help-reduce-account-vulnerability/,By Phil Steffora
https://www.arkoselabs.com/blog/the-power-of-ip-intelligence/,By Ashish Jain
https://www.arkoselabs.com/blog/safety-tips-for-new-grads-on-avoiding-fraud-online/,By Arkose Labs
https://www.arkoselabs.com/blog/heres-how-to-protect-gaming-arenas-from-complex-attacks/,By Arkose Labs
https://www.arkoselabs.com/blog/the-new-face-of-fraud-is-supplementing-human-driven-fraud/,By Mike Daley
https://www.arkoselabs.com/blog/businesses-have-to-bear-covert-fraud-losses-due-to-subpar-defenses/,By Patrice Boffa
https://www.arkoselabs.com/blog/hit-fraudsters-where-it-hurts-their-wallets/,By David Mattei
https://www.arkoselabs.com/blog/how-to-prevent-fraudsters-from-using-tax-fraud-to-augment-their-heists/,By Arkose Labs
https://www.arkoselabs.com/blog/fraudsters-are-increasingly-diversifying-their-attacks-and-hijacking-ips/,By Arkose Labs
https://www.arkoselabs.com/blog/letter-from-the-ceo-announcing-our-series-c-funding-round/,By Kevin Gosschalk
https://www.arkoselabs.com/blog/mothers-day-insights-from-fraud-fighting-moms/,By Anna Lundberg
https://www.arkoselabs.com/blog/the-rise-of-the-cyborg-arkose-labs-q2-2021-fraud-report-shows-increase-in-human-bot-hybrid-attacks/,By Arkose Labs
https://www.arkoselabs.com/blog/the-top-fraud-trends-in-2021-and-beyond/,By Arkose Labs
https://www.arkoselabs.com/blog/the-academy-of-fraud-abuse-arts-and-sciences/,By Arkose Labs
https://www.arkoselabs.com/blog/a-deep-dive-into-ato-fraud/,By Kevin Gosschalk
https://www.arkoselabs.com/blog/balance-online-and-offline-activities-the-digital-nomad-way/,By Arkose Labs
https://www.arkoselabs.com/blog/how-businesses-can-thrive-amidst-the-new-fraud-landscape/,By Arkose Labs
https://www.arkoselabs.com/blog/the-automation-of-fraud-attacks/,By Ashish Jain
https://www.arkoselabs.com/blog/why-im-excited-to-lead-the-next-phase-of-product-evolution-at-arkose-labs/,By Ashish Jain
https://www.arkoselabs.com/blog/how-to-detect-and-stop-click-farm-fraud/,By Patrice Boffa
https://www.arkoselabs.com/blog/covid-19-continues-to-fuel-fraud-attacks/,By Kevin Gosschalk
https://www.arkoselabs.com/blog/gamers-in-disguise-protecting-online-gaming-from-account-takeover-fraud/,By Anna Lundberg
https://www.arkoselabs.com/blog/people-ops-must-make-new-hires-feel-comfortable-and-welcome/,By Arkose Labs
https://www.arkoselabs.com/blog/navigating-internet-safety-when-screen-time-becomes-full-time/,By Arkose Labs
https://www.arkoselabs.com/blog/introducing-fraud-prevention-panel-series-collaborate-fearlessly-eliminate-fraud/,By Arkose Labs
https://www.arkoselabs.com/blog/international-womens-day-celebrate-women-and-their-achievements-everyday/,By Arkose Labs
https://www.arkoselabs.com/blog/arkose-labs-is-committed-to-help-forge-a-more-gender-equal-world/,By Justin Schiefner
https://www.arkoselabs.com/blog/employee-appreciation-day-a-big-thank-you-to-our-amazing-employees/,By Kevin Gosschalk
https://www.arkoselabs.com/blog/more-girls-are-now-joining-the-cybersecurity-industry/,By Brittany Creary
https://www.arkoselabs.com/blog/europe-is-the-top-fraud-attacking-region-of-2020/,By Arkose Labs
https://www.arkoselabs.com/blog/diversity-is-beneficial-to-a-company-as-a-whole/,By Hedda Peters
https://www.arkoselabs.com/blog/thrilled-to-be-part-of-the-future-at-arkose-labs/,By Arkose Labs
https://www.arkoselabs.com/blog/a-permanent-increase-in-bot-attacks-will-be-the-new-normal/,By Arkose Labs
https://www.arkoselabs.com/blog/excited-to-be-part-of-a-company-experiencing-hypergrowth/,By Patrice Boffa
https://www.arkoselabs.com/blog/thank-you-for-making-the-bankrupting-fraud-summit-a-grand-success/,By Kevin Gosschalk
https://www.arkoselabs.com/blog/top-7-fraud-predictions-for-the-2020-holiday-shopping-season/,By Arkose Labs
https://www.arkoselabs.com/blog/a-fantastic-opportunity-to-work-with-incredibly-talented-professionals-in-the-industry/,By Arkose Labs
https://www.arkoselabs.com/blog/qa-with-neil-walsh-chief-cyber-diplomat-with-the-united-nations/,By Arkose Labs
https://www.arkoselabs.com/blog/credential-stuffing-attacks-ramp-up-against-financial-institutions/,By Arkose Labs
https://www.arkoselabs.com/blog/stop-abuse-and-fraud-in-the-healthcare-industry-to-save-precious-lives/,By Arkose Labs
https://www.arkoselabs.com/blog/looking-beyond-behavioral-biometrics-to-eliminate-fraud-with-certainty/,By Arkose Labs
https://www.arkoselabs.com/blog/heres-how-to-stop-cryptocurrency-fraud-with-confidence/,By Arkose Labs
https://www.arkoselabs.com/blog/deliver-a-fair-game-by-bankrupting-online-gaming-fraud/,By Arkose Labs
https://www.arkoselabs.com/blog/putting-an-end-to-malicious-automated-web-scraping-on-social-media-platforms/,By David Mouatt
https://www.arkoselabs.com/blog/arkose-labs-poised-for-growth-in-emea-and-beyond/,By Arkose Labs
https://www.arkoselabs.com/blog/girls-must-be-encouraged-to-take-up-science-and-technology/,By Arkose Labs
https://www.arkoselabs.com/blog/credential-stuffing-attacks-continue-to-be-a-major-driver-of-fraud/,By Arkose Labs
https://www.arkoselabs.com/blog/broken-hearts-stolen-wallets-the-steady-stream-of-fraud-on-digital-dating-platforms/,By Sam Nik-Pay
https://www.arkoselabs.com/blog/2020-fraud-and-abuse-data-year-in-review/,By Arkose Labs
https://www.arkoselabs.com/blog/fraud-will-never-return-to-pre-pandemic-levels-arkose-labs-q1-2021-fraud-and-abuse-report/,By Arkose Labs
https://www.arkoselabs.com/blog/arkose-labs-doubles-employee-count-in-2020/,By Justin Schiefner
https://www.arkoselabs.com/blog/convergence-of-fraud-digital-identity-infosec/,By Himanshu Bari
https://www.arkoselabs.com/blog/risk-strategies-for-rapid-digital-growth/,By Arkose Labs
https://www.arkoselabs.com/blog/international-day-of-education-why-education-in-fighting-fraud-is-so-important/,By Justin Schiefner
https://www.arkoselabs.com/blog/the-five-point-manifesto-to-help-stop-fraud-in-2021/,By Arkose Labs
https://www.arkoselabs.com/blog/how-to-elevate-the-strategic-importance-of-fraud-prevention/,By James Wu
https://www.arkoselabs.com/blog/above-and-beyond-fighting-ingenious-online-fraud-and-abuse-tactics/,By Arkose Labs
https://www.arkoselabs.com/blog/how-can-we-trust-the-new-reality-of-digital-identities/,By Himanshu Bari
https://www.arkoselabs.com/blog/raising-a-toast-to-greater-achievements-in-the-new-year/,By Kevin Gosschalk
https://www.arkoselabs.com/blog/7-fraud-trends-2021-beyond/,By Johnny Ayers
https://www.arkoselabs.com/blog/the-evolution-of-fraud-detection-over-the-years/,By Ashish Jain
https://www.arkoselabs.com/blog/keep-consumer-needs-at-the-forefront-to-manage-change-and-find-growth-opportunities/,By Arkose Labs
https://www.arkoselabs.com/blog/wheres-the-new-fraud-hub-the-answer-might-surprise-you/,By Arkose Labs
https://www.arkoselabs.com/blog/beware-of-increased-gift-card-fraud-this-holiday-season/,By Arkose Labs
https://www.arkoselabs.com/blog/more-online-customers-means-more-credential-stuffing-attacks/,By Arkose Labs
https://www.arkoselabs.com/blog/impact-of-new-account-fraud-continuum-on-accelerated-business-growth/,By David Mouatt
https://www.arkoselabs.com/blog/dont-let-fraud-derail-a-record-breaking-online-holiday-shopping-season/,By Kevin Gosschalk
https://www.arkoselabs.com/blog/fraud-detection-with-iot/,By Ashish Jain
